{
  "1": {"diameter": 1449.3915964983375, "min_x": -400.0, "min_y": -600.0, "min_z": -72.0, "size_x": 800.0, "size_y": 1200.0, "size_z": 144.0},
  "2": {"diameter": 531.631939510786, "min_x": -150.0, "min_y": -200.0, "min_z": -110.5, "size_x": 300.0, "size_y": 400.0, "size_z": 221.0},
  "3": {"diameter": 735.2150242262463, "min_x": -200.0, "min_y": -297.5, "min_z": -110.0, "size_x": 400.0, "size_y": 595.0, "size_z": 220.0},
  "4": {"diameter": 537.8038675948695, "min_x": -149.0, "min_y": -199.0, "min_z": -110.0, "size_x": 298.0, "size_y": 398.0, "size_z": 220.0},
  "5": {"diameter": 715.5390184217769, "min_x": -200.0, "min_y": -290.0, "min_z": -145.0, "size_x": 400.0, "size_y": 580.0, "size_z": 290.0},
  "6": {"diameter": 568.242905807015, "min_x": -150.0, "min_y": -200.0, "min_z": -135.0, "size_x": 300.0, "size_y": 400.0, "size_z": 270.0},
  "7": {"diameter": 568.242905807015, "min_x": -150.0, "min_y": -200.0, "min_z": -135.0, "size_x": 300.0, "size_y": 400.0, "size_z": 270.0},
  "8": {"diameter": 613.9739408150805, "min_x": -170.0, "min_y": -190.0, "min_z": -171.0, "size_x": 340.0, "size_y": 380.0, "size_z": 342.0},
  "9": {"diameter": 803.8656604184557, "min_x": -83.0, "min_y": -335.0, "min_z": -206.0, "size_x": 166.0, "size_y": 670.0, "size_z": 412.0},
  "10": {"diameter": 848.430315347112, "min_x": -101.5, "min_y": -290.0, "min_z": -292.5, "size_x": 203.0, "size_y": 580.0, "size_z": 585.0}
}
