{
  "camera_matrix": [
    [
      1884.8914061210446,
      0.0,
      1002.6810550738364
    ],
    [
      0.0,
      1884.476602424953,
      697.7100571456824
    ],
    [
      0.0,
      0.0,
      1.0
    ]
  ],
  "distortion_coefficients": [
    -0.16385459482184894,
    0.07950845899052035,
    -0.0012467310442081008,
    -3.5602781091562465e-05
  ],
  "camera_mtx_cam1": [
    [
      685.2743069695795,
      0.0,
      322.2145610486386
    ],
    [
      0.0,
      684.9751383555536,
      234.90580982381053
    ],
    [
      0.0,
      0.0,
      1.0
    ]
  ],
  "distortion_coeffs_cam1": [
    -0.3737644376005406,
    0.15254003168741287,
    0.0013727535867667298,
    -0.00015750365626212797
  ],
  "camera_mtx_cam2": [
    [
      757.2438121052982,
      0.0,
      332.9437236753569
    ],
    [
      0.0,
      757.7041127732,
      248.44682650374665
    ],
    [
      0.0,
      0.0,
      1.0
    ]
  ],
  "distortion_coeffs_cam2": [
    -0.3536046793806844,
    0.14318463789651717,
    0.0004502054634439511,
    0.0010232627576273045
  ],
  "H_cam1_2_rgb": [
    [
      0.9999674757283793,
      0.004750210197527174,
      -0.0065178975514662155,
      0.050631000838559835
    ],
    [
      -0.004894814832347668,
      0.9997381763741819,
      -0.022352169643705816,
      0.006038276177798063
    ],
    [
      0.006410013507718196,
      0.022383346557279665,
      0.9997289120175161,
      0.0058605055185866825
    ],
    [
      0.0,
      0.0,
      0.0,
      1.0
    ]
  ],
  "H_cam2_cam1": [
    [
      0.9998857434434764,
      0.00031233872893482505,
      0.0151129911999947,
      -0.10312060989887666
    ],
    [
      -0.0002809989042506191,
      0.9999978060860268,
      -0.002075780035331568,
      -0.00032867325476050954
    ],
    [
      -0.015113606389889869,
      0.0020712961298854763,
      0.9998836375470097,
      0.004394603761584191
    ],
    [
      0.0,
      0.0,
      0.0,
      1.0
    ]
  ],
  "H_cam_vicon_2_cam_optical": [
    [
      -0.005766663289426903,
      0.02564429460344736,
      0.9996544981886479,
      0.010961977919679403
    ],
    [
      -0.9998523048410061,
      -0.01633274784485732,
      -0.005348817810000076,
      0.0030732765262956475
    ],
    [
      0.01618993819119266,
      -0.9995376988899057,
      0.025734692522691033,
      -0.009045613113370848
    ],
    [
      0.0,
      0.0,
      0.0,
      1.0
    ]
  ]
}