{
  "camera_mtx_cam2": [
    [
      756.1204892251881,
      0.0,
      283.43129078329116
    ],
    [
      0.0,
      754.9663110831402,
      227.0824683283377
    ],
    [
      0.0,
      0.0,
      1.0
    ]
  ],
  "distortion_coeffs_cam2": [
    -0.4107919894947944,
    0.20240048255503923,
    0.006230890760180581,
    0.00970389087313616
  ],
  "camera_mtx_cam1": [
    [
      726.8015187965628,
      0.0,
      275.7447750580928
    ],
    [
      0.0,
      725.2525019712525,
      212.00552936834734
    ],
    [
      0.0,
      0.0,
      1.0
    ]
  ],
  "distortion_coeffs_cam1": [
    -0.40846674226069263,
    0.2067801786931747,
    0.007207741354236219,
    0.006261397706848751
  ],
  "camera_matrix": [
    [
      2001.0250442780605,
      0.0,
      970.1619103491635
    ],
    [
      0.0,
      2001.2767496004499,
      684.6369964551955
    ],
    [
      0.0,
      0.0,
      1.0
    ]
  ],
  "distortion_coefficients": [
    -0.16662668463462832,
    0.09713587034707222,
    0.00044649384097793574,
    0.0006466275306382167
  ],
  "H_cam_vicon_2_cam_optical": [
    [
      -7.91682390e-04,
       3.23035591e-02,
       9.99477790e-01,
      -6.79615218e-02
    ],
    [
      -9.99888061e-01,
      -1.49589703e-02,
      -3.08526903e-04,
       1.00683969e-02
    ],
    [
      1.49411921e-02,
     -9.99366154e-01,
      3.23117859e-02, 
     -2.42242140e-02
    ],
    [
      0.0,
      0.0,
      0.0,
      1.0
    ]
  ],
  "H_cam1_2_rgb": [
    [
      0.9988487792874476,
      0.0047032240817731635,
      0.04773882905149164,
      0.05547200068236508
    ],
    [
      -0.00480866672973969,
      0.9999862455691012,
      0.0020941339237770754,
      0.004239383045238393
    ],
    [
      -0.04772832324996561,
      -0.0023212832324058085,
      0.9988576569281016,
      0.007983029405103982
    ],
    [
      0.0,
      0.0,
      0.0,
      1.0
    ]
  ],
  "H_cam2_cam1": [
    [
      0.9999747401826854,
      0.0016840625425892184,
      -0.006905282755123367,
      -0.1029018195612104
    ],
    [
      -0.0017160652568493136,
      0.999987803370837,
      -0.004631223338073897,
      0.0005686198826895407
    ],
    [
      0.006897399264200306,
      0.004642956270043212,
      0.9999654338228244,
      0.00848555474834492
    ],
    [
      0.0,
      0.0,
      0.0,
      1.0
    ]
  ]
}
