{
  "camera_matrix": [
    [
      1883.2124697180675,
      0.0,
      997.7552195231256
    ],
    [
      0.0,
      1883.6412666027804,
      703.0864011925016
    ],
    [
      0.0,
      0.0,
      1.0
    ]
  ],
  "distortion_coefficients": [
    -0.17995806563804792,
    0.13870777910539678,
    -0.0014832813642040043,
    -0.000458142035720742
  ],
  "camera_mtx_cam1": [
    [
      686.6727534507957,
      0.0,
      319.21059642109833
    ],
    [
      0.0,
      687.7622003136428,
      231.08380005635968
    ],
    [
      0.0,
      0.0,
      1.0
    ]
  ],
  "distortion_coeffs_cam1": [
    -0.4017826857682236,
    0.23645126726188756,
    0.0015459015829716598,
    -0.0003773940946113202
  ],
  "camera_mtx_cam2": [
    [
      758.8760518253423,
      0.0,
      330.39133587996236
    ],
    [
      0.0,
      759.6621649980708,
      243.29148443327537
    ],
    [
      0.0,
      0.0,
      1.0
    ]
  ],
  "distortion_coeffs_cam2": [
    -0.3780681124113457,
    0.21270733237290873,
    0.0008848962377999,
    0.0006885915868295269
  ],
  "H_cam1_2_rgb": [
    [
      0.9999443822439037,
      0.004970408857497124,
      -0.009302013472980136,
      0.05093744002879965
    ],
    [
      -0.005059668735716032,
      0.9999411473844356,
      -0.009596953672259701,
      0.004601045547656969
    ],
    [
      0.009253765241619628,
      0.009643485017979514,
      0.9999106815238875,
      0.013159106597934294
    ],
    [
      0.0,
      0.0,
      0.0,
      1.0
    ]
  ],
  "H_cam2_cam1": [
    [
      0.9998857434434764,
      0.00031233872893482505,
      0.0151129911999947,
      -0.10312060989887666
    ],
    [
      -0.0002809989042506191,
      0.9999978060860268,
      -0.002075780035331568,
      -0.00032867325476050954
    ],
    [
      -0.015113606389889869,
      0.0020712961298854763,
      0.9998836375470097,
      0.004394603761584191
    ],
    [
      0.0,
      0.0,
      0.0,
      1.0
    ]
  ],
  "H_cam_vicon_2_cam_optical": [
    [
      -0.12261519096436008,
      0.003314222248188045,
      0.9924487547856885,
      -0.011352433892695857
    ],
    [
      -0.9916584315648823,
      0.03963028339512289,
      -0.12264989092657114,
      0.02103992120061028
    ],
    [
      -0.03973751440454031,
      -0.9992089153770157,
      -0.0015726983299691466,
      -0.0251921818593272
    ],
    [
      0.0,
      0.0,
      0.0,
      1.0
    ]
  ]
}