{
  "camera_matrix": [
    [
      1847.503127935672,
      0.0,
      976.403483373498
    ],
    [
      0.0,
      1848.5308134747975,
      725.1051372492805
    ],
    [
      0.0,
      0.0,
      1.0
    ]
  ],
  "distortion_coefficients": [
    -0.18486366489446276,
    0.09470039006304443,
    0.00031438928908253383,
    -0.0002976137751203164
  ],
  "camera_mtx_cam1": [
    [
      674.8610896927843,
      0.0,
      323.8469718007631
    ],
    [
      0.0,
      675.6319209688708,
      243.70704585240608
    ],
    [
      0.0,
      0.0,
      1.0
    ]
  ],
  "distortion_coeffs_cam1": [
    -0.4172532204268951,
    0.270854002750454,
    0.0006726120106659425,
    0.0015276913425614981
  ],
  "camera_mtx_cam2": [
    [
      745.5244466864001,
      0.0,
      341.4110166825847
    ],
    [
      0.0,
      746.2282825035599,
      255.1606794431648
    ],
    [
      0.0,
      0.0,
      1.0
    ]
  ],
  "distortion_coeffs_cam2": [
    -0.3993191124244842,
    0.26080319939530516,
    0.00032532675407378087,
    0.0016580283590554102
  ],
  "H_cam1_2_rgb": [
    [
      0.9995873950466126,
      0.004368327185923007,
      -0.02838938853742442,
      0.05350973598171701
    ],
    [
      -0.004799390047985527,
      0.9998739623090573,
      -0.015133583566300238,
      0.0035917714277880486
    ],
    [
      0.028319701959932705,
      0.015263591123573152,
      0.9994823746654655,
      0.013269586529053672
    ],
    [
      0.0,
      0.0,
      0.0,
      1.0
    ]
  ],
  "H_cam2_cam1": [
    [
      0.9999756671173137,
      0.0005609381538215765,
      -0.006953453938216994,
      -0.1050243298589141
    ],
    [
      -0.0005461436434374164,
      0.9999975837621234,
      0.0021293654067332237,
      0.00044128903526526904
    ],
    [
      0.00695463157931828,
      -0.0021255160084662937,
      0.9999735572910383,
      -0.0020901186317464145
    ],
    [
      0.0,
      0.0,
      0.0,
      1.0
    ]
  ],
  "H_cam_vicon_2_cam_optical": [
    [
      0.005102066292427931,
      0.01334206657163612,
      0.9998979738849086,
      0.050992130889881734
    ],
    [
      -0.9998597551121361,
      -0.015881868422316182,
      0.005313789844819672,
      0.027630039847346882
    ],
    [
      0.015951144994837876,
      -0.9997848546137384,
      0.013259165069467654,
      -0.0553472169950353
    ],
    [
      0.0,
      0.0,
      0.0,
      1.0
    ]
  ]
}