{
  "camera_matrix": [
    [
      1856.042718794592,
      0.0,
      980.8257611942536
    ],
    [
      0.0,
      1855.5552832399785,
      699.6125697488195
    ],
    [
      0.0,
      0.0,
      1.0
    ]
  ],
  "distortion_coefficients": [
    -0.1611368527386304,
    0.06861601284323908,
    -0.0007311102786056084,
    -0.0011626564369794051
  ],
  "camera_mtx_cam1": [
    [
      676.9559528555968,
      0.0,
      309.9443310298108
    ],
    [
      0.0,
      677.7405807010056,
      235.0344334744568
    ],
    [
      0.0,
      0.0,
      1.0
    ]
  ],
  "distortion_coeffs_cam1": [
    -0.3753733005790576,
    0.15133682807027474,
    0.0006847765085361002,
    0.0028503653574393577
  ],
  "camera_mtx_cam2": [
    [
      749.5029841337441,
      0.0,
      327.51058920504386
    ],
    [
      0.0,
      750.3304452094495,
      254.64696334322846
    ],
    [
      0.0,
      0.0,
      1.0
    ]
  ],
  "distortion_coeffs_cam2": [
    -0.3828157327390805,
    0.25281071751066564,
    -0.0008925151991860948,
    0.003495818918170645
  ],
  "H_cam1_2_rgb": [
    [
      0.9999860056755895,
      0.005290386262506628,
      -1.6314585796350663e-05,
      0.05243138853631452
    ],
    [
      -0.005289661562561683,
      0.9997875953989251,
      -0.01991942687380856,
      0.005359390614650396
    ],
    [
      -8.907034178693961e-05,
      0.01991923441352429,
      0.9998015883998412,
      0.007928952291004352
    ],
    [
      0.0,
      0.0,
      0.0,
      1.0
    ]
  ],
  "H_cam2_cam1": [
    [
      0.9999901621215598,
      0.00037306928674770264,
      0.004420008983399567,
      -0.10288676273294456
    ],
    [
      -0.00032892961361297726,
      0.9999501159837685,
      -0.009982852766961224,
      -0.0009667991959498353
    ],
    [
      -0.004423512791361152,
      0.009981300685022093,
      0.9999404013096127,
      0.006583587109089539
    ],
    [
      0.0,
      0.0,
      0.0,
      1.0
    ]
  ],
  "H_cam_vicon_2_cam_optical": [
    [
      -0.1132774288645548,
      0.004680485841033505,
      0.9935523726317235,
      0.0042216427736160855
    ],
    [
      -0.9927168930594698,
      0.04073681884934795,
      -0.11337407915563602,
      0.027363986239843575
    ],
    [
      -0.04100480879346663,
      -0.9991589486374665,
      3.183526274455617e-05,
      -0.027948495017773065
    ],
    [
      0.0,
      0.0,
      0.0,
      1.0
    ]
  ]
}
