{
  "camera_matrix": [
    [
      1843.6577533285624,
      0.0,
      976.4763893312672
    ],
    [
      0.0,
      1844.5306124755336,
      725.2024662926922
    ],
    [
      0.0,
      0.0,
      1.0
    ]
  ],
  "distortion_coefficients": [
    -0.19110787026103146,
    0.1177674123905791,
    0.0003484005066446274,
    -0.0005646183142002047
  ],
  "camera_mtx_cam1": [
    [
      672.9299664447201,
      0.0,
      323.6632986374331
    ],
    [
      0.0,
      673.853689579996,
      243.71443396959074
    ],
    [
      0.0,
      0.0,
      1.0
    ]
  ],
  "distortion_coeffs_cam1": [
    -0.41253236749914857,
    0.2579458977013521,
    0.0004970938526177448,
    0.00226884671664227
  ],
  "camera_mtx_cam2": [
    [
      743.5886483663932,
      0.0,
      341.0486039019678
    ],
    [
      0.0,
      744.1268919555349,
      255.04562880135896
    ],
    [
      0.0,
      0.0,
      1.0
    ]
  ],
  "distortion_coeffs_cam2": [
    -0.39243214935060833,
    0.24867005637865408,
    8.56809016116743e-05,
    0.0027117877774405826
  ],
  "H_cam1_2_rgb": [
    [
      0.9995744555706654,
      0.004509604087024016,
      -0.028819632918900117,
      0.05413353874239835
    ],
    [
      -0.004942493803365581,
      0.9998757709320247,
      -0.014967112550080746,
      0.0033820903162270232
    ],
    [
      0.02874855693083651,
      0.015103184235828813,
      0.9994725680579367,
      0.013773488837028672
    ],
    [
      0.0,
      0.0,
      0.0,
      1.0
    ]
  ],
  "H_cam2_cam1": [
    [
      0.9999766766474997,
      0.0006003019442844795,
      -0.006803366710268671,
      -0.10488951476571261
    ],
    [
      -0.0005849187832461268,
      0.9999972686312355,
      0.0022628742966481446,
      0.0004994079315769172
    ],
    [
      0.006804706535605305,
      -0.0022588421018551164,
      0.9999742964703243,
      -0.0017198289425658527
    ],
    [
      0.0,
      0.0,
      0.0,
      1.0
    ]
  ],
  "H_cam_vicon_2_cam_optical": [
    [
      0.004430863686120945,
      0.01348442030677921,
      0.9998992638541072,
      0.057114567654784294
    ],
    [
      -0.9998542954942591,
      -0.016423922996831094,
      0.004652153810137838,
      0.03049030190075368
    ],
    [
      0.016485000111436138,
      -0.9997741870854564,
      0.01340968340199273,
      -0.05459576762787935
    ],
    [
      0.0,
      0.0,
      0.0,
      1.0
    ]
  ]
}