{
  "camera_matrix": [
    [
      1878.7525797229177,
      0.0,
      966.9101188525212
    ],
    [
      0.0,
      1879.9637553450964,
      681.9983099774315
    ],
    [
      0.0,
      0.0,
      1.0
    ]
  ],
  "distortion_coefficients": [
    -0.15936160810194652,
    0.08188429521797148,
    -0.0031106236632906527,
    -0.002240497886833083
  ],
  "camera_mtx_cam1": [
    [
      685.8309460387286,
      0.0,
      321.56681999097094
    ],
    [
      0.0,
      686.8552646795472,
      219.41541503395507
    ],
    [
      0.0,
      0.0,
      1.0
    ]
  ],
  "distortion_coeffs_cam1": [
    -0.3937509908556516,
    0.20996252455267533,
    0.0017110336762335043,
    0.000329244806610169
  ],
  "camera_mtx_cam2": [
    [
      759.6093209792041,
      0.0,
      344.0049972306012
    ],
    [
      0.0,
      760.2194671889131,
      230.55713382978965
    ],
    [
      0.0,
      0.0,
      1.0
    ]
  ],
  "distortion_coeffs_cam2": [
    -0.3976108096085354,
    0.2973575615434238,
    -3.372187933670014e-05,
    0.0007755827386305817
  ],
  "H_cam1_2_rgb": [
    [
      0.9994402397125772,
      0.005025764050785868,
      -0.03307489892617574,
      0.05299132593412784
    ],
    [
      -0.005170759452500627,
      0.9999773873301698,
      -0.004299776158892734,
      0.005432442177182765
    ],
    [
      0.03305254135396078,
      0.004468391661217194,
      0.9994436267173908,
      0.013149610043591435
    ],
    [
      0.0,
      0.0,
      0.0,
      1.0
    ]
  ],
  "H_cam2_cam1": [
    [
      0.9999475298829676,
      0.0009573375396227655,
      -0.010199067888376205,
      -0.10348582029605646
    ],
    [
      -0.000962334018839787,
      0.999999419344266,
      -0.00048499935249945563,
      0.000466339323984753
    ],
    [
      0.01019859765814209,
      0.000494788814516109,
      0.9999478705361801,
      -5.580484247699642e-05
    ],
    [
      0.0,
      0.0,
      0.0,
      1.0
    ]
  ],
  "H_cam_vicon_2_cam_optical": [
    [
      0.005980458929935151,
      0.031673519291067015,
      0.9994803761388746,
      0.009222457620173746
    ],
    [
      -0.9998376945242959,
      -0.016797045868724034,
      0.006514895120016795,
      0.04616754717522013
    ],
    [
      0.01699466737915739,
      -0.9993571170636664,
      0.031567924462489266,
      0.009369503338243115
    ],
    [
      0.0,
      0.0,
      0.0,
      1.0
    ]
  ]
}