{
  "camera_matrix": [
    [
      675.6898682981022,
      0.0,
      310.0588230964366
    ],
    [
      0.0,
      676.2811127614664,
      229.4858422879178
    ],
    [
      0.0,
      0.0,
      1.0
    ]
  ],
  "distortion_coefficients": [
    -0.387937786860524,
    0.1928782546180957,
    0.001307494242141933,
    0.0019681101519697683
  ],
  "camera_mtx_cam1": [
    [
      1849.7473066033017,
      0.0,
      981.7656942839764
    ],
    [
      0.0,
      1849.2353177472783,
      704.8129772374841
    ],
    [
      0.0,
      0.0,
      1.0
    ]
  ],
  "distortion_coeffs_cam1": [
    -0.15919321032982295,
    0.06399226739928413,
    -0.0006699817575232063,
    -0.00137543577059097
  ],
  "camera_mtx_cam2": [
    [
      747.9878763118221,
      0.0,
      326.812744947836
    ],
    [
      0.0,
      748.7402554693931,
      246.14398647651583
    ],
    [
      0.0,
      0.0,
      1.0
    ]
  ],
  "distortion_coeffs_cam2": [
    -0.3972724253335937,
    0.30421110755409403,
    -0.000277174608058453,
    0.0026454077471035034
  ],
  "H_rgb_2_left": [
    [
      0.9999871124952409,
      -0.005034712475524561,
      -0.0006530801774538627,
      -0.0528911025210598
    ],
    [
      0.005040040893203538,
      0.9999517537042711,
      0.008431384912723721,
      -0.005526569675416743
    ],
    [
      0.0006105990699484473,
      -0.008434567804011446,
      0.999964241978049,
      -0.008122362320184479
    ],
    [
      0.0,
      0.0,
      0.0,
      1.0
    ]
  ],
  "H_right_2_rgb": [
    [
      0.9999663749861968,
      0.0055958612022988475,
      0.005994600433919509,
      -0.049523391012748684
    ],
    [
      -0.005504588384966099,
      0.9998702975475305,
      -0.015135639693041821,
      0.004088870562871528
    ],
    [
      -0.006078519858471944,
      0.015102132949027208,
      0.9998674798075557,
      0.014629430160073544
    ],
    [
      0.0,
      0.0,
      0.0,
      1.0
    ]
  ],
  "H_cam_sys_2_rgb": [
    [
      -0.1132667337592016,
      0.0025942164998751516,
      0.9935612296503289,
      0.013045047125403407
    ],
    [
      -0.992708385592471,
      0.04121112715287948,
      -0.11327711230950233,
      0.024903970586102914
    ],
    [
      -0.04123964352310252,
      -0.9991470927944198,
      -0.0020925492936733625,
      -0.03073688093364073
    ],
    [
      0.0,
      0.0,
      0.0,
      1.0
    ]
  ],
  "H_left_2_rgb": [
    [
      0.9987484520046502, 0.007679643728306431, 0.04942218824090371, 0.05287125501766785
    ],
    [
      -0.006580905700329154, 0.9997284107877974, -0.022356125421607576, 0.005439771846231159
    ],
    [
      -0.049580452786117356, 0.02200290289733509, 0.9985277417105707, 0.0044777869797524425
    ],
    [
      0.0,
      0.0,
      0.0,
      1.0
    ]
  ],
  "H_right_2_left": [
    [
      0.9999985714660073, 0.0006814961177436771, 0.0015468125190548922, -0.10139641548708199
    ],
    [
      -0.0006490413898698307, 0.9997816513484599, -0.020886080824413632, -0.0010773891185813474
    ],
    [
      -0.0015607085576239028, 0.02088504704259014, 0.9997806654455816, 0.005428050127468924
    ],
    [
      0.0,
      0.0,
      0.0,
      1.0
    ]
  ]
}
