{
  "camera_matrix": [
    [
      1828.2346615576603,
      0.0,
      1030.0297505560543
    ],
    [
      0.0,
      1827.8990900675124,
      701.9719616987368
    ],
    [
      0.0,
      0.0,
      1.0
    ]
  ],
  "distortion_coefficients": [
    -0.1827632854351314,
    0.09310674207428953,
    -0.0003818114483484049,
    -0.0008004039903706636
  ],
  "camera_mtx_cam1": [
    [
      666.6374873774337,
      0.0,
      326.7625613150596
    ],
    [
      0.0,
      668.0699473368227,
      226.03921442513425
    ],
    [
      0.0,
      0.0,
      1.0
    ]
  ],
  "distortion_coeffs_cam1": [
    -0.384220597721557,
    0.1639513048939695,
    0.003149812243504712,
    -0.0029808127539707194
  ],
  "camera_mtx_cam2": [
    [
      739.5990533347465,
      0.0,
      340.9664139365252
    ],
    [
      0.0,
      740.44158160203,
      236.20390454305644
    ],
    [
      0.0,
      0.0,
      1.0
    ]
  ],
  "distortion_coeffs_cam2": [
    -0.3864400958495858,
    0.21298849858618107,
    0.002218091163253941,
    -0.0030639263461690273
  ],
  "H_cam1_2_rgb": [
    [
      0.9999587101447667,
      0.00438686731020797,
      -0.007958228497184932,
      0.05288077312802534
    ],
    [
      -0.004407403171561344,
      0.9999869983265964,
      -0.0025647563321055536,
      0.004239848669149494
    ],
    [
      0.007946873781185191,
      0.0025997255552063997,
      0.9999650437010985,
      0.014786999797416923
    ],
    [
      0.0,
      0.0,
      0.0,
      1.0
    ]
  ],
  "H_cam2_cam1": [
    [
      0.9999969393875912,
      0.000477452378157044,
      0.002427602658857767,
      -0.10508637968483878
    ],
    [
      -0.00048216690008960557,
      0.9999979983954946,
      0.001941834204289951,
      0.0001726487138478506
    ],
    [
      -0.0024266706663985324,
      -0.0019429987707367676,
      0.9999951680009489,
      0.005644636582574108
    ],
    [
      0.0,
      0.0,
      0.0,
      1.0
    ]
  ],
  "H_cam_vicon_2_cam_optical": [
    [
      -0.015758398200081403,
      0.0243368222480137,
      0.9995796076196414,
      0.04558900583298722
    ],
    [
      -0.9997604818135251,
      -0.015568126734336253,
      -0.015382211608608032,
      -0.02971715890971887
    ],
    [
      0.015187227862780532,
      -0.9995825891405135,
      0.024576321876793317,
      -0.026587227920048542
    ],
    [
      0.0,
      0.0,
      0.0,
      1.0
    ]
  ]
}