{
  "camera_matrix": [
    [
      1875.1492461704063,
      0.0,
      978.876352711204
    ],
    [
      0.0,
      1876.460234337876,
      718.35488701912
    ],
    [
      0.0,
      0.0,
      1.0
    ]
  ],
  "distortion_coefficients": [
    -0.16241049211125536,
    0.09445613964871163,
    -0.00031816315826373187,
    -0.001846295136441662
  ],
  "camera_mtx_cam1": [
    [
      684.1691101228726,
      0.0,
      306.80057019569017
    ],
    [
      0.0,
      685.1197487845463,
      244.23577557944427
    ],
    [
      0.0,
      0.0,
      1.0
    ]
  ],
  "distortion_coeffs_cam1": [
    -0.3871447773938945,
    0.2189406726364471,
    0.0010176011467480962,
    -0.0003015229298075586
  ],
  "camera_mtx_cam2": [
    [
      756.3617344947379,
      0.0,
      324.79609853352395
    ],
    [
      0.0,
      757.7638413596983,
      252.8451252004713
    ],
    [
      0.0,
      0.0,
      1.0
    ]
  ],
  "distortion_coeffs_cam2": [
    -0.38074352815426166,
    0.2625174998154378,
    0.0007656935592665966,
    0.0002457840320660011
  ],
  "H_cam1_2_rgb": [
    [
      0.9999065143945047,
      0.007197861648799141,
      0.011625543390450008,
      0.05099535135417295
    ],
    [
      -0.0069454806594208066,
      0.9997424467153913,
      -0.021605567197810392,
      0.0038049917521880963
    ],
    [
      -0.01177806307709807,
      0.021522802401505142,
      0.9996989777962885,
      0.009440419285811049
    ],
    [
      0.0,
      0.0,
      0.0,
      1.0
    ]
  ],
  "H_cam2_cam1": [
    [
      0.9996873987627417,
      1.9882063062714993e-05,
      -0.025002087106631158,
      -0.10521984319248286
    ],
    [
      0.00013915004507361893,
      0.9999797716899281,
      0.006358997422954156,
      3.3573236839317674e-05
    ],
    [
      0.02500170778664849,
      -0.006360488634039837,
      0.9996671740094741,
      0.002134253968176541
    ],
    [
      0.0,
      0.0,
      0.0,
      1.0
    ]
  ],
  "H_cam_vicon_2_cam_optical": [
    [
      0.002433395937828986,
      0.016331950396815093,
      0.9998636636964289,
      0.034226219953319245
    ],
    [
      -0.9998530408885877,
      -0.0169278827234845,
      0.0027098731231721684,
      0.0327491624696766
    ],
    [
      0.016969832351956107,
      -0.999723318815129,
      0.01628835802684183,
      -0.030987695313792675
    ],
    [
      0.0,
      0.0,
      0.0,
      1.0
    ]
  ]
}