{
  "camera_matrix": [
    [
      1880.4167685256234,
      0.0,
      998.8759984837085
    ],
    [
      0.0,
      1881.0246462967193,
      701.1853789663463
    ],
    [
      0.0,
      0.0,
      1.0
    ]
  ],
  "distortion_coefficients": [
    -0.17579772144084804,
    0.12760971485819378,
    -0.0016052592211088824,
    -0.0001707718986687192
  ],
  "camera_mtx_cam1": [
    [
      686.6576699967183,
      0.0,
      314.63739115920987
    ],
    [
      0.0,
      686.9770120624161,
      229.2298808334688
    ],
    [
      0.0,
      0.0,
      1.0
    ]
  ],
  "distortion_coeffs_cam1": [
    -0.40961614181474393,
    0.2632068118408385,
    0.0025639976539542607,
    -0.0002763709818759141
  ],
  "camera_mtx_cam2": [
    [
      759.2958112457072,
      0.0,
      331.2454201928426
    ],
    [
      0.0,
      760.2871734654367,
      243.66624766830557
    ],
    [
      0.0,
      0.0,
      1.0
    ]
  ],
  "distortion_coeffs_cam2": [
    -0.39933036324090426,
    0.2921837135544172,
    0.0016539757348113043,
    0.00010968960338938079
  ],
  "H_cam1_2_rgb": [
    [
      0.9999887489405573,
      0.0044980889998179376,
      -0.0015063823056605489,
      0.05013377418877
    ],
    [
      -0.004510491300602583,
      0.9999551027394277,
      -0.00833354508057892,
      0.005240403938759231
    ],
    [
      0.0014688296457652094,
      0.008340245843652904,
      0.9999641407764287,
      0.01352697334906631
    ],
    [
      0.0,
      0.0,
      0.0,
      1.0
    ]
  ],
  "H_cam2_cam1": [
    [
      0.9999769056561362,
      0.0009812673079623864,
      -0.00672497352036594,
      -0.10414850607888076
    ],
    [
      -0.001001608437175116,
      0.9999949320901674,
      -0.0030220149768258246,
      -0.000397569557096843
    ],
    [
      0.0067219740343055796,
      0.003028680975590565,
      0.9999728207089583,
      0.0018755111081298372
    ],
    [
      0.0,
      0.0,
      0.0,
      1.0
    ]
  ],
  "H_cam_vicon_2_cam_optical": [
    [
      -0.005356656249576333,
      0.02425156996656079,
      0.9996915362190383,
      0.021234561573173796
    ],
    [
      -0.9998383387037741,
      -0.017289081995645716,
      -0.00493802610611184,
      0.010289042294727496
    ],
    [
      0.01716399405443484,
      -0.9995563760978687,
      0.024340261095445834,
      -0.010819686860015665
    ],
    [
      0.0,
      0.0,
      0.0,
      1.0
    ]
  ]
}