{
  "camera_matrix": [
    [
      672.7937320344298,
      0.0,
      270.52403213208055
    ],
    [
      0.0,
      674.006478718076,
      228.3645819946148
    ],
    [
      0.0,
      0.0,
      1.0
    ]
  ],
  "distortion_coefficients": [
    -0.3947897547679296,
    0.19919596455571206,
    0.002883111020066759,
    0.004879490178639549
  ],
  "camera_mtx_cam1": [
    [
      1851.514725352268,
      0.0,
      966.1325982421228
    ],
    [
      0.0,
      1847.0073536404414,
      694.9583294992175
    ],
    [
      0.0,
      0.0,
      1.0
    ]
  ],
  "distortion_coeffs_cam1": [
    -0.1560490615383045,
    0.06234452897157402,
    4.121010442679187e-05,
    -0.001955896005435833
  ],
  "camera_mtx_cam2": [
    [
      646.9975436356023,
      0.0,
      285.0434073542223
    ],
    [
      0.0,
      648.6905010860148,
      248.88138199970072
    ],
    [
      0.0,
      0.0,
      1.0
    ]
  ],
  "distortion_coeffs_cam2": [
    -0.4049767622489179,
    0.21578869751441038,
    0.0016880582199277066,
    0.005626426104594231
  ],
  "H_rgb_2_left": [
    [
      0.9987370532700903,
      -0.0063108802336514615,
      -0.04984447026548611,
      -0.05210170525293422
    ],
    [
      0.006969786171326338,
      0.999890468845898,
      0.013056507643690464,
      -0.005818442022658729
    ],
    [
      0.049756612687123405,
      -0.01338742326963134,
      0.9986716459337859,
      -0.0027684741293697605
    ],
    [
      0.0,
      0.0,
      0.0,
      1.0
    ]
  ],
  "H_right_2_rgb": [
    [
      0.9980056389440132,
      0.008169014436510462,
      0.06259402398857124,
      -0.04979575390802855
    ],
    [
      -0.00662093473379966,
      0.9996680290022314,
      -0.024899699075257103,
      0.004798063999016847
    ],
    [
      -0.06277665058918415,
      0.024435609137561473,
      0.997728416527701,
      0.007821593943039962
    ],
    [
      0.0,
      0.0,
      0.0,
      1.0
    ]
  ],
  "H_cam_sys_2_rgb": [
    [
      -0.108232272210459,
      0.006435401824287534,
      0.994104803758397,
      0.0010671804927425005
    ],
    [
      -0.993336604181672,
      0.039133163794328615,
      -0.10840196623802462,
      0.043143903615904304
    ],
    [
      -0.0396000763254907,
      -0.9992132810840766,
      0.002157048958437935,
      -0.005192955393020712
    ],
    [
      0.0,
      0.0,
      0.0,
      1.0
    ]
  ]
}