{
  "camera_matrix": [
    [
      668.7452018849842,
      0.0,
      277.4915484857348
    ],
    [
      0.0,
      668.9969929558891,
      238.27868547274798
    ],
    [
      0.0,
      0.0,
      1.0
    ]
  ],
  "distortion_coefficients": [
    -0.4075447884480172,
    0.2356282517133107,
    0.0014595980159628037,
    0.0028728548844231157
  ],
  "camera_mtx_cam1": [
    [
      1831.4735389340926,
      0.0,
      979.6770970057368
    ],
    [
      0.0,
      1830.309127715872,
      680.7708574139409
    ],
    [
      0.0,
      0.0,
      1.0
    ]
  ],
  "distortion_coeffs_cam1": [
    -0.1801248959460653,
    0.09600432581364864,
    -0.001207995857200943,
    -0.0006255990294740292
  ],
  "camera_mtx_cam2": [
    [
      642.6487735575988,
      0.0,
      307.61012264661485
    ],
    [
      0.0,
      643.5063408542311,
      244.65830453538854
    ],
    [
      0.0,
      0.0,
      1.0
    ]
  ],
  "distortion_coeffs_cam2": [
    -0.41533050714346315,
    0.2503111033248936,
    0.0008258124226999636,
    0.0026471033930328303
  ],
  "H_rgb_2_left": [
    [
      0.9986978332138431,
      -0.008708215869959575,
      -0.05026733442643538,
      -0.05478307864216764
    ],
    [
      0.010640056999164798,
      0.9992099214494675,
      0.03829258497419106,
      -0.005655133026990859
    ],
    [
      0.04989415918753853,
      -0.03877756894537488,
      0.998001439390574,
      -0.008958853660184615
    ],
    [
      0.0,
      0.0,
      0.0,
      1.0
    ]
  ],
  "H_right_2_rgb": [
    [
      0.9992206973535998,
      0.010043186833926854,
      0.03817240336167345,
      -0.04861161616854193
    ],
    [
      -0.008956084290924534,
      0.9995524187660234,
      -0.028543838094549273,
      0.0047053577424660915
    ],
    [
      -0.038441989209213864,
      0.028179718543889426,
      0.9988634125486966,
      0.011675223870521112
    ],
    [
      0.0,
      0.0,
      0.0,
      1.0
    ]
  ],
  "H_cam_sys_2_rgb": [
    [
      -0.11372211632065846,
      0.011901238685195714,
      0.9934413121957983,
      0.013922264626528048
    ],
    [
      -0.9926819208408529,
      0.0395199326551548,
      -0.11410862788871767,
      0.03255479651755751
    ],
    [
      -0.04061876777136987,
      -0.9991479046871333,
      0.00731985410001218,
      -0.015512581039364717
    ],
    [
      0.0,
      0.0,
      0.0,
      1.0
    ]
  ]
}