{"camera_matrix": [[678.8782965957599, 0.0, 297.4121995933825], [0.0, 677.8833857211134, 239.91490691810296], [0.0, 0.0, 1.0]], "distortion_coefficients": [-0.3803818162280227, 0.17294122159875203, -0.0009628485143375013, 0.003773557049209595], "camera_mtx_cam1": [[1231.6395379802302, 0.0, 716.8963581098305], [0.0, 1232.02933272389, 545.6995469921152], [0.0, 0.0, 1.0]], "distortion_coeffs_cam1": [-0.06003187642114462, 0.10017877472646719, -0.0002454094701665459, -0.0026220428358585054], "camera_mtx_cam2": [[749.5792271400314, 0.0, 314.39164962853107], [0.0, 748.7485800617695, 256.8921205681303], [0.0, 0.0, 1.0]], "distortion_coeffs_cam2": [-0.3432963568403694, 0.08773474026647932, -0.001248217585401731, 0.004479852736905838], "H_rgb_2_left": [[0.9998491703124349, -0.0065030361568869975, -0.01610425863812586, -0.052513709807556694], [0.006677577149721278, 0.9999192927217961, 0.010808237884065456, -0.006458245764325606], [0.016032672545491324, -0.010914145110417392, 0.9998118997329266, -0.003418876847442586], [0.0, 0.0, 0.0, 1.0]], "H_right_2_rgb": [[0.9997860714931336, 0.00731645480061266, 0.01934633653875689, -0.051231664020547754], [-0.0069942675134202865, 0.999836595588958, -0.01666920343107279, 0.0059560799298851485], [-0.019465134735494678, 0.01653032396011546, 0.9996738752810819, 0.006987907870697604], [0.0, 0.0, 0.0, 1.0]]}